play_session_id,user_id,channel_id,status_id,date_id,total_score,duration_minutes,is_registered
0,-1,1,1,2485,1081,275.0,False
1,-1,2,2,180,4271,386.0,False
2,-1,1,3,965,2634,261.0,False
3,492,2,2,290,3082,499.0,True
4,-1,2,3,993,3995,145.0,False
5,-1,2,3,386,3025,416.0,False
6,-1,1,3,2622,1295,405.0,False
7,-1,2,2,8,154,506.0,False
8,391,2,2,567,255,259.0,True
9,360,2,3,2022,2719,402.0,True
10,-1,1,1,1321,730,171.0,False
11,-1,2,3,45,4976,416.0,False
12,55,1,3,2391,3892,184.0,True
13,62,2,3,352,3661,16.0,True
14,-1,2,1,94,168,243.0,False
15,-1,2,3,1470,3211,473.0,False
16,-1,2,3,952,1154,160.0,False
17,-1,1,3,480,3564,245.0,False
18,395,2,3,1123,1015,464.0,True
19,-1,1,1,395,1856,474.0,False
20,178,1,2,31,4977,476.0,True
21,305,1,1,235,2542,313.0,True
22,-1,2,3,1586,4379,37.0,False
23,-1,1,3,190,3643,376.0,False
24,-1,2,2,1605,761,451.0,False
25,-1,1,1,1240,4793,123.0,False
26,-1,1,3,1623,1062,132.0,False
27,251,2,1,79,235,50.0,True
28,-1,2,2,1186,4883,598.0,False
29,-1,2,1,2822,680,11.0,False
30,-1,1,1,1236,1825,546.0,False
31,287,2,3,243,2127,495.0,True
32,-1,2,2,592,696,377.0,False
33,-1,1,3,656,3614,115.0,False
34,391,2,3,1370,2464,308.0,True
35,484,1,1,681,2352,538.0,True
36,-1,1,1,1827,872,493.0,False
37,-1,1,1,2902,4952,328.0,False
38,-1,1,1,835,3750,294.0,False
39,-1,2,2,1971,2273,156.0,False
40,25,1,1,794,2081,254.0,True
41,-1,2,3,1332,2909,458.0,False
42,-1,2,2,301,4537,503.0,False
43,-1,2,3,199,4630,120.0,False
44,-1,2,3,722,3985,564.0,False
45,183,1,2,1834,1128,227.0,True
46,301,1,1,168,2385,390.0,True
47,-1,1,1,577,4494,303.0,False
48,-1,2,3,393,4080,310.0,False
49,-1,2,1,3580,2469,236.0,False
50,-1,1,1,1563,734,464.0,False
51,486,1,1,768,692,202.0,True
52,131,2,3,1222,483,406.0,True
53,131,1,1,2401,2528,328.0,True
54,385,1,1,137,4697,350.0,True
55,-1,1,2,1267,561,537.0,False
56,-1,2,2,2019,3128,242.0,False
57,-1,2,1,851,1258,172.0,False
58,419,2,1,2397,4796,544.0,True
59,359,2,2,104,1196,529.0,True
60,259,1,2,1355,4923,439.0,True
61,-1,1,1,1768,1376,225.0,False
62,-1,2,3,262,276,53.0,False
63,-1,1,1,110,2289,247.0,False
64,-1,2,3,999,4182,283.0,False
65,-1,2,3,39,2662,114.0,False
66,-1,2,3,1722,4745,458.0,False
67,419,1,3,3221,1385,419.0,True
68,-1,2,1,1226,718,303.0,False
69,-1,2,1,2167,4064,591.0,False
70,199,1,1,880,1185,441.0,True
71,-1,2,1,1359,2592,287.0,False
72,131,2,3,2418,1839,174.0,True
73,-1,2,1,270,4134,535.0,False
74,-1,2,2,1820,4734,584.0,False
75,438,2,2,191,1181,180.0,True
76,144,1,1,1751,2648,384.0,True
77,-1,2,3,155,2319,320.0,False
78,-1,2,3,2866,4868,109.0,False
79,-1,1,1,3145,3524,331.0,False
80,-1,2,3,355,2937,281.0,False
81,375,2,1,728,793,366.0,True
82,258,1,3,1448,1051,417.0,True
83,-1,2,2,957,2501,250.0,False
84,138,1,2,503,433,41.0,True
85,-1,2,2,281,3192,111.0,False
86,-1,2,3,3630,4758,434.0,False
87,-1,2,2,1252,4815,583.0,False
88,-1,2,2,1655,2294,73.0,False
89,-1,1,1,324,1307,440.0,False
90,-1,1,3,476,1146,192.0,False
91,127,1,3,962,3440,496.0,True
92,-1,1,3,1682,4819,426.0,False
93,-1,2,2,516,1095,8.0,False
94,73,1,2,228,2691,128.0,True
95,-1,2,1,47,4830,458.0,False
96,-1,2,1,1951,1009,344.0,False
97,-1,2,1,607,3898,42.0,False
98,-1,1,1,76,2614,187.0,False
99,-1,2,2,1498,4957,531.0,False
100,-1,1,1,408,4229,462.0,False
101,-1,1,1,806,1891,434.0,False
102,-1,1,2,176,1050,151.0,False
103,-1,1,3,2642,1438,277.0,False
104,-1,1,2,2766,2373,67.0,False
105,-1,2,2,2178,2372,38.0,False
106,-1,1,3,1205,1842,436.0,False
107,-1,2,1,1315,1785,350.0,False
108,50,2,2,1230,1170,452.0,True
109,-1,1,2,951,1716,235.0,False
110,81,1,1,830,859,589.0,True
111,-1,1,1,1500,640,292.0,False
112,-1,1,1,645,3863,53.0,False
113,-1,2,3,3256,3338,475.0,False
114,288,2,2,149,4413,88.0,True
115,-1,1,1,578,3710,350.0,False
116,-1,1,2,1968,3504,259.0,False
117,-1,2,2,260,1303,483.0,False
118,418,2,1,636,772,64.0,True
119,401,2,2,498,2038,37.0,True
120,34,1,2,1281,2854,560.0,True
121,-1,1,3,2817,4128,329.0,False
122,302,2,2,591,214,223.0,True
123,-1,2,1,2648,2542,168.0,False
124,134,2,3,1254,2201,453.0,True
125,288,1,2,1014,2948,464.0,True
126,-1,2,1,1917,3328,201.0,False
127,-1,1,3,714,4809,528.0,False
128,240,1,1,28,3515,416.0,True
129,-1,1,3,1403,551,205.0,False
130,-1,1,3,1593,1961,150.0,False
131,114,1,1,761,1092,234.0,True
132,412,2,2,1116,2892,454.0,True
133,401,1,2,2193,461,21.0,True
134,211,1,1,1385,4057,74.0,True
135,-1,2,2,557,2673,517.0,False
136,-1,1,2,532,4816,60.0,False
137,-1,2,2,452,4265,275.0,False
138,270,1,3,67,2708,423.0,True
139,163,2,3,472,3929,238.0,True
140,301,1,2,1345,3016,351.0,True
141,-1,1,1,2705,4619,285.0,False
142,434,1,1,1551,4213,316.0,True
143,-1,1,2,2522,1079,54.0,False
144,-1,1,2,2182,1702,129.0,False
145,96,1,2,71,711,446.0,True
146,-1,2,1,417,1200,324.0,False
147,34,1,1,2228,3151,313.0,True
148,-1,2,2,354,3049,276.0,False
149,221,2,1,396,2689,311.0,True
150,25,1,3,1088,3583,216.0,True
151,474,1,2,587,4199,381.0,True
152,-1,1,3,1612,4928,363.0,False
153,-1,1,3,1741,258,255.0,False
154,-1,1,2,696,4213,77.0,False
155,-1,2,3,1659,2731,249.0,False
156,31,1,3,1131,2941,475.0,True
157,418,1,1,1091,4460,119.0,True
158,-1,1,2,18,1390,129.0,False
159,-1,1,1,2741,2164,64.0,False
160,-1,2,2,1694,1211,63.0,False
161,73,2,2,264,2054,201.0,True
162,31,1,1,2410,546,43.0,True
163,287,2,1,1652,1764,428.0,True
164,305,2,3,564,3633,432.0,True
165,-1,2,3,1649,3386,371.0,False
166,499,2,1,1229,1608,493.0,True
167,-1,2,1,171,1831,60.0,False
168,-1,2,3,950,276,219.0,False
170,297,2,1,926,2036,206.0,True
171,241,2,2,2097,2125,96.0,True
172,-1,1,1,1608,2570,359.0,False
173,-1,1,3,1681,1126,102.0,False
174,-1,1,2,600,564,590.0,False
175,-1,2,3,552,764,345.0,False
176,496,1,2,103,3987,519.0,True
177,-1,1,2,2652,2506,370.0,False
178,-1,1,3,856,4515,11.0,False
179,367,1,2,655,4016,421.0,True
180,-1,2,2,296,2975,586.0,False
181,-1,2,2,2810,746,414.0,False
182,-1,1,3,1499,300,203.0,False
183,-1,1,2,2884,1073,8.0,False
184,184,1,1,1923,145,125.0,True
185,-1,2,2,787,4095,86.0,False
186,209,2,1,2117,3675,474.0,True
187,-1,2,1,464,3170,559.0,False
188,-1,2,1,3284,4877,441.0,False
189,-1,1,3,1224,3069,448.0,False
190,-1,2,1,161,654,224.0,False
191,446,2,2,740,3637,437.0,True
192,-1,2,3,672,396,107.0,False
193,-1,1,2,478,1473,230.0,False
194,107,1,2,1268,3610,420.0,True
195,430,2,3,197,647,220.0,True
196,-1,2,3,1042,154,310.0,False
197,-1,2,2,369,1806,515.0,False
198,-1,2,3,818,3958,71.0,False
199,18,1,3,1530,1587,78.0,True
200,-1,1,3,784,585,396.0,False
201,297,2,1,1179,2628,161.0,True
202,-1,1,3,29,2474,232.0,False
203,202,1,2,6,2228,292.0,True
204,-1,1,1,1546,3165,343.0,False
205,-1,2,2,527,362,317.0,False
206,-1,1,2,2610,1065,493.0,False
207,-1,2,2,1761,4687,402.0,False
208,211,2,2,1517,1146,250.0,True
209,-1,2,1,1074,4643,582.0,False
210,-1,2,3,414,4382,406.0,False
211,360,1,3,2162,4010,579.0,True
212,-1,2,3,745,394,380.0,False
213,352,2,1,496,3470,387.0,True
214,178,1,2,1121,1428,292.0,True
215,-1,2,2,202,2325,488.0,False
216,255,1,1,167,186,549.0,True
217,365,1,2,433,1244,294.0,True
218,240,1,3,430,4192,19.0,True
219,125,2,1,75,1408,579.0,True
220,-1,2,2,2728,2254,298.0,False
221,-1,1,2,387,2788,48.0,False
222,55,2,3,2855,4179,152.0,True
223,-1,2,2,1286,3457,147.0,False
224,247,2,1,257,4653,413.0,True
225,-1,2,2,823,978,360.0,False
226,439,2,1,890,3912,541.0,True
227,-1,2,2,1049,1121,432.0,False
228,-1,2,2,1351,3151,169.0,False
229,95,1,2,1639,1579,345.0,True
230,-1,1,1,2152,3697,214.0,False
231,-1,2,3,62,4246,237.0,False
232,185,2,1,861,215,411.0,True
233,432,1,1,385,4599,477.0,True
234,99,2,3,1552,684,317.0,True
235,302,1,1,814,2336,177.0,True
236,430,1,1,774,1628,108.0,True
237,-1,1,3,225,2517,199.0,False
238,466,2,3,601,234,461.0,True
239,-1,1,2,100,2963,189.0,False
240,-1,2,2,378,1052,97.0,False
241,-1,2,1,2804,4408,350.0,False
242,-1,2,3,276,2205,248.0,False
243,423,1,2,297,3432,56.0,True
244,449,2,3,622,1924,321.0,True
245,200,2,3,1851,3625,331.0,True
246,-1,2,1,145,4790,29.0,False
247,263,1,1,107,2622,23.0,True
248,-1,2,1,1304,2397,120.0,False
249,125,2,3,459,859,240.0,True
250,-1,2,2,979,4640,466.0,False
251,230,1,3,65,4827,261.0,True
252,270,1,3,1041,2760,583.0,True
253,-1,1,1,3294,3695,52.0,False
254,344,2,3,1571,1127,357.0,True
255,-1,1,3,1169,3607,206.0,False
256,-1,1,2,2362,2560,18.0,False
257,240,1,1,1778,4998,390.0,True
258,-1,1,3,1676,1432,448.0,False
259,-1,1,1,2368,155,333.0,False
260,-1,2,3,509,1122,130.0,False
261,-1,2,1,1998,670,390.0,False
262,-1,1,3,1456,2328,243.0,False
263,271,2,3,865,2043,384.0,True
264,-1,2,2,2191,3799,559.0,False
265,-1,2,1,1097,3388,150.0,False
266,-1,1,3,1869,4169,259.0,False
267,-1,1,2,2320,2646,426.0,False
268,-1,2,1,174,2417,35.0,False
269,449,2,2,2515,1244,308.0,True
270,-1,1,3,212,2969,333.0,False
271,284,2,2,58,1171,305.0,True
272,-1,2,3,1163,4450,412.0,False
273,412,2,2,1795,4940,515.0,True
274,446,2,3,1348,1449,140.0,True
276,-1,1,2,558,271,466.0,False
277,-1,1,1,3397,2992,255.0,False
278,79,1,1,2293,4667,253.0,True
279,152,2,2,675,1454,376.0,True
280,-1,2,1,914,1819,428.0,False
281,421,1,2,1109,1058,358.0,True
282,131,2,3,2848,3772,498.0,True
283,-1,2,3,3084,4561,57.0,False
284,-1,2,3,1856,3559,76.0,False
285,-1,1,1,1536,1516,161.0,False
286,305,1,1,1948,4704,359.0,True
287,-1,1,3,568,2468,323.0,False
288,-1,1,2,1572,1106,95.0,False
289,357,2,2,1107,2659,539.0,True
290,-1,1,2,2157,4107,18.0,False
291,329,2,1,1871,2882,593.0,True
292,-1,1,2,773,2345,362.0,False
293,-1,2,3,1271,3510,41.0,False
294,112,1,2,720,3723,382.0,True
295,472,1,2,1269,2192,365.0,True
296,-1,1,3,1928,1858,378.0,False
297,-1,1,2,1495,3052,255.0,False
298,5,1,1,537,2585,177.0,True
299,-1,2,3,1136,1315,500.0,False
300,-1,1,2,943,1851,52.0,False
301,-1,1,3,630,1135,591.0,False
302,-1,2,1,621,3105,128.0,False
303,55,1,3,2912,1866,51.0,True
304,340,2,2,3121,1087,94.0,True
305,-1,2,3,1195,2718,313.0,False
306,216,1,1,344,304,183.0,True
307,-1,2,2,780,1552,318.0,False
308,-1,1,3,2405,2200,53.0,False
309,-1,1,2,285,4245,400.0,False
310,-1,2,1,124,4877,517.0,False
311,-1,2,2,56,980,429.0,False
312,-1,2,1,938,2705,289.0,False
313,-1,2,2,2292,834,194.0,False
314,363,1,3,207,2926,519.0,True
315,-1,2,1,442,4458,473.0,False
316,-1,1,3,2484,2449,160.0,False
317,23,2,3,454,3340,184.0,True
318,479,1,1,221,996,271.0,True
319,200,2,1,3044,2905,479.0,True
320,-1,1,2,274,242,57.0,False
321,376,2,2,1620,4872,521.0,True
322,127,1,2,1132,2372,125.0,True
323,-1,2,3,893,4738,546.0,False
324,434,2,2,2849,4668,313.0,True
325,474,2,3,1633,2976,346.0,True
326,78,2,3,81,249,437.0,True
327,233,2,1,250,610,140.0,True
328,-1,2,3,1857,1441,452.0,False
329,359,1,3,930,2387,32.0,True
330,-1,2,3,1200,3425,217.0,False
331,-1,2,3,987,2882,542.0,False
332,-1,2,3,3407,2860,303.0,False
333,-1,2,3,2609,1660,126.0,False
334,264,1,3,732,2953,287.0,True
335,-1,1,2,183,579,334.0,False
336,7,2,1,254,3176,168.0,True
337,-1,2,3,843,3275,179.0,False
338,-1,1,1,313,1212,484.0,False
339,-1,1,3,1051,2583,396.0,False
340,-1,1,2,106,133,570.0,False
341,-1,2,2,853,2456,37.0,False
342,498,1,2,3096,2588,537.0,True
343,-1,1,3,317,3519,105.0,False
344,-1,2,2,595,2734,175.0,False
345,-1,2,3,2488,2565,200.0,False
346,99,1,2,2229,1889,319.0,True
347,-1,2,3,205,2311,47.0,False
348,-1,1,3,216,4721,451.0,False
349,-1,2,3,68,4213,250.0,False
350,135,1,1,540,1444,202.0,True
351,-1,1,1,2284,1561,500.0,False
352,-1,1,1,980,2556,19.0,False
353,218,1,3,1010,2302,43.0,True
354,-1,1,1,126,4060,277.0,False
355,475,1,3,487,885,113.0,True
356,-1,2,1,1396,1420,525.0,False
357,475,1,2,886,4754,489.0,True
358,449,2,2,2934,2483,45.0,True
359,-1,1,1,512,4260,155.0,False
360,-1,2,3,142,577,312.0,False
361,180,1,3,898,1131,260.0,True
362,475,2,3,2076,2689,502.0,True
363,237,1,2,958,3056,126.0,True
364,360,2,2,3645,3427,571.0,True
365,-1,1,2,223,4820,437.0,False
366,-1,1,3,2851,3279,540.0,False
367,-1,1,1,1140,2231,146.0,False
368,-1,1,2,1177,4657,599.0,False
369,-1,1,2,116,857,505.0,False
370,-1,2,1,1175,1480,562.0,False
371,464,2,1,2049,603,25.0,True
372,-1,1,3,1601,2528,244.0,False
373,-1,2,2,1398,3676,599.0,False
374,412,1,3,1835,3215,95.0,True
375,-1,2,3,3286,3159,302.0,False
376,-1,1,2,494,671,376.0,False
377,287,1,1,2033,4435,6.0,True
378,-1,2,3,3696,3803,18.0,False
380,-1,2,1,2801,1192,407.0,False
381,158,2,2,947,3477,59.0,True
382,-1,1,1,1875,3705,251.0,False
383,-1,1,2,60,4161,284.0,False
384,418,1,3,3503,4946,479.0,True
385,244,2,2,1311,4245,488.0,True
386,-1,2,2,2506,4438,370.0,False
387,446,1,3,1899,2717,309.0,True
388,-1,2,1,1611,602,435.0,False
389,438,1,2,654,4742,411.0,True
390,-1,1,1,1003,164,509.0,False
391,11,1,1,698,4890,354.0,True
392,418,1,1,3700,4507,277.0,True
393,247,2,2,989,3486,199.0,True
394,-1,2,2,685,1825,276.0,False
395,-1,1,3,2206,3165,242.0,False
396,298,1,3,271,4577,145.0,True
397,-1,2,3,1744,864,48.0,False
398,-1,2,3,1138,1785,389.0,False
399,200,2,2,3168,3163,201.0,True
400,375,1,3,2374,4043,345.0,True
401,-1,1,1,252,850,354.0,False
402,-1,1,3,34,843,580.0,False
403,-1,1,2,525,3627,103.0,False
404,18,2,2,2571,1049,258.0,True
405,-1,2,1,1580,1824,226.0,False
406,-1,1,3,410,1939,438.0,False
407,-1,2,2,114,1190,60.0,False
408,25,2,3,1670,2001,224.0,True
409,-1,2,1,548,436,532.0,False
410,-1,1,1,3610,1150,512.0,False
411,-1,2,3,2046,2749,488.0,False
412,484,1,1,2898,1582,80.0,True
413,305,2,2,2145,4242,196.0,True
414,300,2,2,1295,1680,370.0,True
415,-1,2,3,1421,4498,440.0,False
416,359,1,1,1303,864,364.0,True
417,-1,1,1,2398,3917,23.0,False
418,367,2,2,2261,2657,531.0,True
419,-1,2,3,1940,4807,380.0,False
420,-1,1,3,2417,4695,154.0,False
421,218,1,3,1786,3767,325.0,True
422,244,1,2,2136,4455,441.0,True
423,-1,2,2,1992,158,68.0,False
424,-1,2,1,237,2153,352.0,False
425,199,1,3,996,4436,347.0,True
426,437,2,3,2115,3815,370.0,True
427,378,1,1,667,1502,542.0,True
428,-1,1,1,546,2152,44.0,False
429,251,2,2,339,170,487.0,True
430,-1,1,1,90,142,320.0,False
431,-1,1,1,3202,4503,467.0,False
432,-1,2,2,1161,326,71.0,False
433,264,2,2,889,2252,243.0,True
434,-1,1,2,2428,4186,585.0,False
435,-1,1,2,283,1029,583.0,False
436,70,2,2,50,4220,586.0,True
437,-1,2,1,1184,4101,252.0,False
438,244,1,3,2602,1845,564.0,True
439,112,2,1,1073,2839,472.0,True
440,349,1,1,449,4153,536.0,True
441,-1,1,3,2570,2378,300.0,False
442,-1,2,2,1547,4919,442.0,False
443,-1,2,2,1381,3357,375.0,False
444,107,2,3,1715,2859,52.0,True
445,-1,1,1,639,4258,285.0,False
446,-1,2,1,2065,1640,69.0,False
447,-1,2,1,1993,4318,172.0,False
448,-1,1,2,3612,4914,489.0,False
449,479,1,3,239,1758,340.0,True
450,130,1,2,133,3924,439.0,True
451,404,1,3,123,3262,510.0,True
452,-1,1,3,2299,4050,303.0,False
453,375,2,3,2427,3808,263.0,True
454,-1,2,2,1982,3926,516.0,False
455,-1,1,1,165,4594,260.0,False
456,-1,1,2,2675,4505,534.0,False
457,-1,2,1,2449,246,543.0,False
458,-1,1,3,3746,2579,552.0,False
459,-1,1,2,35,528,304.0,False
460,-1,2,3,87,829,563.0,False
461,83,2,2,1730,4963,245.0,True
462,209,2,3,2736,3830,237.0,True
463,78,2,2,887,888,176.0,True
464,244,1,2,3180,538,75.0,True
465,-1,1,3,1959,626,394.0,False
466,-1,1,3,2,930,486.0,False
467,-1,1,3,187,2193,106.0,False
468,-1,1,3,807,3316,166.0,False
469,213,2,2,1206,1723,543.0,True
470,-1,2,3,1068,3824,311.0,False
471,-1,1,2,543,3215,269.0,False
472,-1,2,1,1244,2590,136.0,False
473,437,2,2,2266,1955,463.0,True
474,-1,1,3,1202,3047,530.0,False
475,-1,2,1,403,666,36.0,False
476,-1,2,2,873,1759,94.0,False
477,247,2,3,1083,1070,464.0,True
478,323,1,2,2116,4475,345.0,True
479,-1,1,2,3266,4794,556.0,False
480,-1,2,3,767,316,50.0,False
481,-1,1,2,1468,4009,289.0,False
482,365,1,1,1865,3974,237.0,True
483,-1,1,1,1562,3243,575.0,False
484,267,2,2,374,3714,292.0,True
485,-1,2,2,1158,1645,400.0,False
486,-1,2,2,1925,1493,498.0,False
487,-1,2,1,825,462,475.0,False
488,-1,2,1,3776,1440,450.0,False
489,-1,2,2,1218,3840,22.0,False
490,2,2,2,1799,3461,565.0,True
491,85,1,3,245,1294,522.0,True
492,174,1,2,399,747,374.0,True
493,218,2,1,3281,3286,298.0,True
494,359,1,1,1555,3751,218.0,True
495,174,2,3,2681,510,80.0,True
496,-1,1,2,465,1269,15.0,False
497,349,1,3,2072,1031,342.0,True
498,-1,2,1,2210,659,414.0,False
499,37,2,3,915,1776,209.0,True
500,10,2,2,2190,3483,453.0,True
502,37,2,1,1173,4803,338.0,True
503,-1,2,2,136,1529,338.0,False
504,-1,2,3,2298,4672,198.0,False
505,-1,2,1,1437,1434,583.0,False
506,-1,2,3,3257,2748,196.0,False
507,-1,2,1,2192,3012,151.0,False
508,-1,1,1,3628,2767,60.0,False
509,-1,2,2,2970,940,375.0,False
510,47,2,1,539,4032,565.0,True
511,166,2,1,919,392,405.0,True
512,6,1,1,461,2869,277.0,True
513,-1,2,2,1307,3331,569.0,False
514,-1,1,2,164,848,331.0,False
515,51,2,2,49,917,597.0,True
516,-1,1,2,15,852,576.0,False
517,-1,1,3,2083,4854,418.0,False
518,-1,1,1,1609,975,552.0,False
519,-1,1,1,935,577,305.0,False
520,-1,2,2,2278,1097,434.0,False
521,-1,2,2,1941,4336,382.0,False
522,-1,2,3,3055,896,370.0,False
523,464,2,1,2439,3152,255.0,True
524,464,2,2,2514,247,380.0,True
525,287,1,3,2118,3718,49.0,True
526,-1,2,2,1011,2990,289.0,False
527,475,1,3,3766,1039,244.0,True
528,-1,2,2,2903,2336,259.0,False
529,-1,1,3,2029,2134,262.0,False
530,-1,1,1,627,1423,455.0,False
531,-1,2,3,2862,2889,536.0,False
532,449,2,2,3226,2002,323.0,True
533,-1,2,2,3561,4952,225.0,False
534,477,2,1,481,712,528.0,True
535,183,1,2,2688,4191,331.0,True
536,31,1,3,3117,779,304.0,True
537,-1,2,1,1927,2940,514.0,False
538,-1,1,3,2511,3813,323.0,False
539,-1,2,2,2211,1438,148.0,False
540,-1,1,3,2355,1547,585.0,False
541,-1,1,2,3028,1498,165.0,False
542,-1,2,2,2629,4931,361.0,False
543,-1,1,2,3220,4209,283.0,False
544,-1,1,1,986,2575,206.0,False
545,297,2,2,1678,438,510.0,True
546,-1,1,3,1642,1376,188.0,False
547,6,2,3,534,1201,535.0,True
548,-1,1,3,2907,2105,351.0,False
549,-1,1,2,2657,3862,399.0,False
550,-1,1,3,1444,3616,260.0,False
551,-1,1,2,1020,3016,341.0,False
552,209,1,3,2854,3231,356.0,True
553,430,1,1,1006,2148,163.0,True
554,-1,1,1,1720,4403,330.0,False
555,-1,2,3,3504,3434,255.0,False
556,446,1,3,3437,4667,434.0,True
557,353,1,3,10,3898,283.0,True
558,218,2,3,3418,4994,408.0,True
559,338,2,2,473,3372,70.0,True
560,-1,1,3,1882,3747,443.0,False
561,-1,2,2,1846,1703,115.0,False
562,267,1,1,1253,3659,576.0,True
563,-1,2,1,2122,2086,159.0,False
564,199,2,3,1920,421,21.0,True
565,-1,1,2,2164,508,331.0,False
566,-1,2,2,2031,4099,350.0,False
567,-1,2,2,571,3130,77.0,False
568,-1,1,1,589,1307,11.0,False
569,-1,2,2,3708,3749,144.0,False
571,124,2,2,611,3029,516.0,True
572,-1,2,1,831,4854,140.0,False
573,-1,1,2,1257,3119,327.0,False
574,-1,1,2,82,2352,295.0,False
575,166,2,3,1467,1328,489.0,True
576,37,2,2,1873,2148,215.0,True
577,-1,1,1,1135,393,120.0,False
578,-1,1,2,158,1731,112.0,False
579,-1,2,1,870,4227,530.0,False
580,-1,1,1,1461,3119,417.0,False
581,421,2,1,1844,1813,422.0,True
582,-1,1,1,664,4269,229.0,False
583,-1,1,1,2655,3238,66.0,False
584,123,1,2,232,3196,124.0,True
585,277,1,3,342,589,96.0,True
586,-1,2,1,3131,1292,273.0,False
587,-1,1,1,925,2837,334.0,False
588,-1,1,3,2913,2212,312.0,False
589,185,1,1,1763,934,94.0,True
590,-1,2,3,1366,897,321.0,False
591,-1,1,1,1939,4682,513.0,False
592,367,2,2,3296,1777,520.0,True
593,287,2,2,2746,2688,496.0,True
594,251,2,1,635,269,541.0,True
595,284,2,1,632,3711,289.0,True
596,301,2,1,1837,845,106.0,True
597,83,1,2,1908,1950,18.0,True
598,240,2,2,1801,3821,423.0,True
599,184,1,3,2827,2792,592.0,True
600,419,1,2,3567,2756,361.0,True
601,-1,2,3,321,4126,356.0,False
602,-1,1,3,877,1672,576.0,False
603,421,1,2,1950,540,585.0,True
604,-1,2,1,820,4155,117.0,False
605,409,1,3,828,3075,436.0,True
606,-1,2,2,2467,808,345.0,False
607,50,1,2,2524,944,257.0,True
608,-1,1,3,1066,2759,286.0,False
609,-1,1,2,3076,4164,70.0,False
610,-1,2,3,338,3699,563.0,False
611,-1,1,1,1339,2617,182.0,False
612,-1,1,3,1588,4178,283.0,False
613,-1,1,2,445,1647,467.0,False
614,499,2,3,1696,1785,305.0,True
615,487,1,3,407,3541,187.0,True
616,-1,1,1,1280,2938,331.0,False
617,-1,2,2,154,3467,597.0,False
618,-1,1,1,1819,1459,57.0,False
619,-1,1,1,879,3538,276.0,False
620,129,2,1,1534,165,90.0,True
621,-1,2,2,1634,459,185.0,False
622,8,1,1,884,1516,26.0,True
623,385,2,1,1805,637,398.0,True
624,-1,1,2,662,1490,254.0,False
625,-1,1,3,227,3594,239.0,False
626,246,1,1,1513,4438,425.0,True
627,7,1,3,1089,4150,422.0,True
628,-1,2,1,2739,2603,494.0,False
629,129,1,3,1610,1554,402.0,True
630,-1,2,2,1255,3638,343.0,False
631,177,2,3,749,2417,394.0,True
632,-1,2,2,1392,1979,78.0,False
633,-1,1,2,682,1703,396.0,False
634,-1,2,3,1152,3701,52.0,False
635,446,2,3,3497,3965,17.0,True
636,180,1,3,1947,2290,468.0,True
637,-1,2,3,2080,4474,228.0,False
638,382,1,2,2244,1038,282.0,True
639,340,1,2,3668,2664,443.0,True
640,-1,2,2,375,3404,410.0,False
641,-1,1,3,1808,2353,223.0,False
642,-1,1,3,793,4457,377.0,False
643,456,1,3,1480,2812,18.0,True
644,232,1,2,1863,2461,356.0,True
645,429,1,2,1662,2980,195.0,True
646,-1,1,2,2937,3579,371.0,False
647,-1,1,2,1549,1815,305.0,False
648,382,2,2,2255,854,213.0,True
649,-1,1,1,141,4978,583.0,False
650,298,2,2,1059,4739,589.0,True
651,-1,2,1,130,2237,552.0,False
652,430,1,2,1830,1978,178.0,True
653,246,2,1,3116,1034,435.0,True
654,244,2,2,3360,1421,202.0,True
655,-1,2,1,3005,2478,498.0,False
656,367,2,3,3526,1308,173.0,True
657,-1,2,3,2914,1046,475.0,False
658,-1,2,3,1898,2514,189.0,False
659,469,2,2,1333,4921,304.0,True
660,-1,1,2,2519,1955,516.0,False
661,396,2,1,178,2213,133.0,True
662,-1,1,3,3531,1954,40.0,False
663,65,2,1,20,4608,524.0,True
664,-1,1,1,1775,2006,379.0,False
665,-1,1,2,937,1706,444.0,False
666,-1,1,2,3584,2278,540.0,False
667,-1,1,2,2287,1255,152.0,False
668,-1,1,3,1434,1755,202.0,False
669,-1,1,2,1031,2767,300.0,False
670,439,1,2,3271,1193,20.0,True
671,-1,1,1,2964,4154,443.0,False
672,461,1,1,358,979,83.0,True
673,-1,1,2,1432,2053,170.0,False
674,-1,2,3,876,2739,101.0,False
675,-1,2,2,401,4776,128.0,False
677,-1,1,1,1170,3274,65.0,False
678,-1,2,3,1584,4448,217.0,False
679,-1,2,1,1987,2261,355.0,False
680,-1,1,2,905,2120,429.0,False
681,-1,2,2,562,747,36.0,False
682,-1,2,1,1532,2140,127.0,False
683,-1,2,3,2740,290,596.0,False
684,240,2,1,2686,1276,533.0,True
685,-1,2,1,2558,4383,79.0,False
686,114,2,2,1705,725,100.0,True
687,-1,2,3,2908,1541,268.0,False
688,-1,1,2,2867,4707,155.0,False
689,-1,1,1,434,253,66.0,False
690,-1,2,2,3187,667,158.0,False
691,213,1,2,2828,4878,97.0,True
692,-1,1,3,1418,838,116.0,False
693,-1,1,2,2917,1134,539.0,False
694,-1,2,3,741,4832,101.0,False
695,479,1,3,779,2971,476.0,True
696,-1,1,3,3340,4516,561.0,False
697,-1,2,2,426,2150,447.0,False
698,-1,1,3,1238,1220,19.0,False
699,144,1,3,2174,3630,31.0,True
700,-1,1,3,1478,1224,227.0,False
701,-1,1,2,3388,1708,7.0,False
702,-1,2,1,555,4691,504.0,False
703,-1,1,2,210,422,541.0,False
704,-1,2,3,712,4811,31.0,False
705,-1,2,2,1538,2110,48.0,False
706,325,1,1,753,167,262.0,True
707,163,1,2,1422,3183,144.0,True
708,-1,2,1,2186,1900,267.0,False
709,376,1,2,2066,527,103.0,True
710,-1,1,1,2890,4514,146.0,False
711,396,2,2,1165,2636,165.0,True
712,32,1,2,1926,4534,509.0,True
713,-1,1,1,966,4526,519.0,False
714,178,1,2,1452,3033,155.0,True
715,37,2,3,2490,601,336.0,True
716,2,2,3,1850,2215,182.0,True
717,404,1,3,371,868,531.0,True
718,430,2,3,2871,3831,214.0,True
719,-1,2,1,3833,4783,202.0,False
720,-1,1,2,2062,1292,467.0,False
721,288,2,2,1023,2014,67.0,True
722,-1,1,3,1113,908,83.0,False
723,-1,1,3,3204,2335,59.0,False
724,-1,1,1,2205,4335,482.0,False
725,404,1,1,1164,820,472.0,True
726,124,2,1,1746,2956,149.0,True
727,-1,1,1,1769,2215,589.0,False
728,-1,2,1,2754,2884,144.0,False
729,-1,2,3,2778,1606,24.0,False
730,130,1,1,1331,3531,261.0,True
731,264,2,1,923,2256,274.0,True
732,423,1,3,702,3954,423.0,True
733,-1,2,1,3004,1738,212.0,False
734,-1,1,2,2328,1993,490.0,False
735,-1,1,1,2382,725,260.0,False
736,-1,2,2,836,350,335.0,False
737,129,1,1,2096,129,60.0,True
738,-1,1,3,583,1167,244.0,False
740,163,2,1,1462,795,526.0,True
741,202,1,2,2455,2980,9.0,True
742,-1,1,2,1990,1552,67.0,False
743,-1,2,2,2891,2417,55.0,False
744,49,1,3,1577,1301,168.0,True
746,-1,2,3,3472,798,200.0,False
747,-1,2,3,405,683,9.0,False
748,-1,1,1,1050,4706,427.0,False
749,244,2,1,3386,3025,376.0,True
750,-1,2,2,3532,3893,75.0,False
751,416,2,2,1234,1702,130.0,True
752,378,2,3,899,1428,282.0,True
753,144,1,2,2581,4212,355.0,True
754,487,1,2,678,4272,65.0,True
755,-1,2,2,855,3180,377.0,False
756,246,2,2,3259,241,391.0,True
757,-1,1,2,2366,4465,345.0,False
758,-1,1,3,2196,4961,522.0,False
759,-1,2,3,2042,3926,274.0,False
760,-1,2,1,334,2391,144.0,False
761,484,1,2,3425,1201,581.0,True
762,-1,2,2,3514,4092,140.0,False
763,-1,1,1,2291,4101,373.0,False
764,-1,2,2,3370,3157,65.0,False
765,-1,1,1,2134,4301,518.0,False
766,-1,1,2,2749,2200,22.0,False
767,-1,1,1,2016,664,287.0,False
768,-1,1,1,3142,3567,526.0,False
769,-1,2,1,2713,1019,319.0,False
770,7,2,2,1379,2172,502.0,True
771,142,1,2,294,4711,398.0,True
772,-1,2,2,3059,4990,329.0,False
773,-1,1,1,3620,430,339.0,False
774,-1,2,2,2582,987,174.0,False
775,305,1,2,2587,2948,548.0,True
776,-1,2,3,1809,696,535.0,False
777,-1,1,2,2332,4320,326.0,False
778,-1,1,2,3106,4642,373.0,False
779,127,2,1,1278,1065,202.0,True
780,357,2,2,1188,4632,202.0,True
781,124,2,3,2639,330,236.0,True
782,183,2,3,3315,2042,519.0,True
783,31,2,3,3478,1245,125.0,True
784,256,2,1,209,4339,97.0,True
785,329,1,2,3616,3136,265.0,True
786,-1,2,1,3139,1714,438.0,False
787,298,1,1,1661,1455,437.0,True
788,178,2,2,1486,343,172.0,True
789,291,2,1,1759,146,383.0,True
790,24,2,1,1976,3052,181.0,True
791,-1,2,2,2821,3063,552.0,False
792,-1,2,3,1416,1663,63.0,False
793,-1,2,3,1414,4335,506.0,False
794,-1,2,3,758,182,194.0,False
795,-1,2,1,2507,2706,63.0,False
796,-1,2,1,1413,1118,281.0,False
797,284,1,2,3406,4461,423.0,True
798,-1,2,1,3771,2198,292.0,False
799,211,2,3,2549,4948,457.0,True
800,-1,2,1,422,1450,187.0,False
801,-1,1,3,40,816,539.0,False
802,-1,2,1,2667,4578,360.0,False
803,-1,2,2,1887,1395,328.0,False
804,8,1,1,1683,2226,130.0,True
805,-1,1,2,1566,3763,28.0,False
806,-1,1,2,2354,983,337.0,False
807,84,2,1,695,4712,410.0,True
808,240,2,3,3016,2356,199.0,True
809,-1,2,1,1017,4348,289.0,False
810,-1,1,3,1780,1491,210.0,False
811,51,1,3,266,1470,253.0,True
812,428,2,3,1208,2958,215.0,True
813,25,2,2,2452,333,385.0,True
814,127,1,1,2218,4430,438.0,True
815,298,2,2,2985,4825,121.0,True
816,-1,1,2,1237,712,481.0,False
817,-1,1,3,3457,513,207.0,False
818,-1,1,2,1032,2332,95.0,False
819,-1,1,3,2349,3696,469.0,False
820,-1,2,1,1039,1033,173.0,False
821,97,2,2,2403,3667,8.0,True
822,-1,1,3,2631,3335,263.0,False
823,-1,1,3,2294,4009,352.0,False
824,-1,1,2,971,4812,36.0,False
825,-1,1,2,1790,2342,110.0,False
826,-1,2,2,3865,4942,32.0,False
827,135,2,3,848,2179,376.0,True
828,99,1,1,3083,4767,169.0,True
829,6,2,2,1193,4720,468.0,True
830,-1,2,1,550,3357,75.0,False
831,-1,2,2,2777,4588,174.0,False
832,138,1,2,1056,340,589.0,True
833,134,2,2,1356,464,434.0,True
834,213,2,2,3210,1332,557.0,True
835,211,2,2,2802,3430,212.0,True
836,-1,2,3,1426,3666,463.0,False
837,-1,2,2,2594,3928,592.0,False
838,303,2,1,327,2797,14.0,True
839,-1,2,2,3011,2542,287.0,False
840,-1,1,3,1986,2789,439.0,False
841,29,1,2,429,3391,518.0,True
842,-1,1,3,347,4179,183.0,False
843,302,2,3,1147,4522,494.0,True
844,247,2,3,1316,4361,89.0,True
845,-1,2,1,1689,3158,198.0,False
846,5,2,1,2091,346,181.0,True
847,-1,1,1,3740,1893,482.0,False
848,112,1,2,1126,3846,89.0,True
849,34,1,1,2434,4057,550.0,True
850,218,2,1,3579,4682,529.0,True
851,401,1,1,2833,3857,173.0,True
852,329,1,1,3670,2094,164.0,True
853,37,1,3,3419,373,352.0,True
854,-1,2,2,1558,634,527.0,False
855,-1,2,2,419,3180,439.0,False
856,-1,1,2,984,1971,62.0,False
857,456,1,3,1889,132,278.0,True
858,-1,1,2,1212,2760,481.0,False
859,153,1,3,1055,1863,203.0,True
860,-1,2,3,1463,2564,19.0,False
861,-1,1,1,2342,2107,301.0,False
862,-1,2,1,687,4290,592.0,False
863,-1,1,2,2678,2513,193.0,False
864,10,1,3,2477,2629,286.0,True
865,-1,2,2,618,3605,80.0,False
866,-1,1,3,3233,860,51.0,False
867,135,2,3,868,3762,9.0,True
868,461,1,1,520,1596,452.0,True
869,-1,2,3,1221,4939,454.0,False
870,-1,1,1,3003,114,167.0,False
871,163,2,1,1540,663,255.0,True
872,-1,2,1,3054,894,209.0,False
873,-1,2,1,99,2917,420.0,False
874,-1,2,1,152,1250,399.0,False
875,112,1,1,1388,4082,377.0,True
876,-1,2,3,2015,2252,538.0,False
877,79,2,1,3269,2911,466.0,True
878,-1,1,2,1931,1808,287.0,False
879,499,1,2,2690,1739,220.0,True
880,264,2,1,1733,4088,519.0,True
881,-1,1,2,1973,1512,76.0,False
882,301,1,1,3498,4610,73.0,True
883,8,1,1,1812,4171,225.0,True
884,-1,2,2,1879,3348,49.0,False
885,84,2,1,778,3833,574.0,True
886,-1,2,2,2517,2214,432.0,False
887,-1,2,2,519,250,297.0,False
888,-1,1,1,1963,217,425.0,False
889,-1,1,2,605,184,289.0,False
890,51,1,3,1288,3950,89.0,True
891,-1,2,3,3153,168,443.0,False
892,31,1,2,3653,679,175.0,True
893,-1,2,3,2992,1947,403.0,False
894,-1,1,2,2641,1874,150.0,False
895,-1,2,2,1742,2837,583.0,False
896,-1,2,2,2437,4024,515.0,False
897,131,1,1,3544,2358,161.0,True
898,235,1,1,238,3325,511.0,True
899,-1,1,1,3261,3212,322.0,False
900,-1,1,3,2748,2572,301.0,False
901,-1,2,3,827,2733,59.0,False
903,352,2,1,1117,2647,493.0,True
904,284,1,1,3555,599,241.0,True
905,270,1,1,2720,1815,338.0,True
906,466,1,2,2041,3420,464.0,True
907,-1,2,2,1180,4967,462.0,False
908,-1,1,1,727,1035,178.0,False
909,170,1,1,3439,121,550.0,True
910,-1,1,1,2480,3406,319.0,False
911,-1,1,1,1796,2604,493.0,False
912,445,1,3,2852,4916,468.0,True
913,474,2,1,2540,3318,364.0,True
914,-1,1,2,3581,3821,500.0,False
915,-1,2,3,3314,2178,504.0,False
916,-1,2,2,3438,315,485.0,False
917,357,1,3,1215,4006,206.0,True
918,-1,2,2,2114,3008,564.0,False
919,-1,1,2,1124,3301,575.0,False
920,-1,2,2,3025,236,171.0,False
921,446,1,3,3530,2474,323.0,True
922,-1,1,3,2058,401,271.0,False
923,174,1,3,3051,2954,459.0,True
924,246,1,2,3414,332,120.0,True
925,146,2,2,97,1940,499.0,True
926,-1,2,2,501,3799,408.0,False
927,218,1,1,3734,1655,466.0,True
928,-1,1,1,1301,337,461.0,False
929,-1,2,2,1153,4604,247.0,False
930,139,2,3,329,3430,570.0,True
931,-1,1,1,3510,1747,63.0,False
932,396,2,2,1520,2278,300.0,True
933,-1,2,1,2575,800,592.0,False
934,445,1,3,3405,3694,273.0,True
935,-1,1,1,2358,4218,550.0,False
936,-1,1,3,2927,3351,521.0,False
937,-1,1,2,3094,3690,424.0,False
938,58,2,1,2938,4673,90.0,True
939,-1,2,2,3681,2583,71.0,False
940,58,2,3,3149,2062,514.0,True
941,469,2,1,1604,807,467.0,True
942,-1,2,2,1249,3200,366.0,False
943,-1,1,1,1496,1357,242.0,False
944,95,2,1,1911,4550,158.0,True
945,-1,1,1,2605,1592,453.0,False
946,-1,2,2,1890,3571,73.0,False
947,-1,2,3,1833,1776,255.0,False
948,-1,2,2,529,940,474.0,False
949,-1,1,3,350,3641,448.0,False
950,-1,2,1,1843,453,551.0,False
951,-1,1,3,1275,3375,394.0,False
952,-1,1,2,3384,4041,421.0,False
953,6,1,2,2790,407,572.0,True
954,-1,1,2,1334,3063,75.0,False
955,-1,1,2,3339,1250,187.0,False
956,-1,2,3,716,4247,7.0,False
957,-1,2,3,1406,1168,225.0,False
958,204,1,2,160,3357,476.0,True
959,-1,1,1,1067,4366,192.0,False
960,-1,2,1,3018,3617,224.0,False
961,-1,2,2,457,3483,313.0,False
962,73,1,3,1474,1065,321.0,True
963,32,2,3,2751,3824,100.0,True
964,211,2,2,3132,1558,59.0,True
965,-1,1,2,2400,2885,320.0,False
966,-1,2,1,2248,1967,257.0,False
967,-1,2,2,946,1481,387.0,False
968,485,2,1,319,2087,596.0,True
969,-1,2,1,3474,4013,372.0,False
970,-1,1,2,3326,4634,395.0,False
971,-1,2,3,3038,1957,7.0,False
972,455,1,1,336,407,565.0,True
973,-1,2,2,2004,4348,145.0,False
974,134,1,2,1647,3893,386.0,True
975,-1,2,2,1001,4148,567.0,False
976,-1,1,3,2715,4650,375.0,False
977,396,1,2,2592,1562,237.0,True
978,-1,2,1,2305,4786,473.0,False
979,353,2,2,448,1730,516.0,True
980,-1,1,1,1445,147,5.0,False
982,-1,1,2,1389,3421,524.0,False
983,-1,1,1,3069,4851,534.0,False
984,-1,2,2,2857,2443,254.0,False
985,152,1,1,1075,1608,177.0,True
986,-1,2,2,625,4134,413.0,False
987,-1,2,1,1904,664,163.0,False
988,477,2,3,1309,1249,438.0,True
989,128,1,1,1896,2308,21.0,True
990,-1,1,3,2154,4149,571.0,False
991,-1,1,3,2905,2106,391.0,False
992,10,1,2,3344,4512,593.0,True
993,247,2,3,1459,1007,276.0,True
994,-1,1,2,73,1842,264.0,False
995,270,2,3,2929,3930,47.0,True
996,-1,1,1,1296,1294,83.0,False
997,-1,1,1,643,1316,535.0,False
998,-1,2,2,3536,3664,564.0,False
999,-1,2,1,468,4516,433.0,False
1000,-1,1,1,1292,1663,417.0,False
1001,-1,2,2,3642,4855,294.0,False
1002,-1,2,3,53,834,333.0,False
1003,87,1,3,1981,3150,259.0,True
1004,32,1,1,3214,4855,128.0,True
1005,-1,1,3,1573,4369,34.0,False
1007,-1,1,2,2334,4000,202.0,False
1008,352,1,1,1449,3197,113.0,True
1009,428,2,1,2962,4404,369.0,True
1010,73,1,3,2107,4741,331.0,True
1011,-1,2,3,3089,2527,554.0,False
1012,-1,1,3,2240,477,467.0,False
1013,359,1,2,1806,410,182.0,True
1014,418,2,1,3853,2352,196.0,True
1015,24,1,1,2419,4357,17.0,True
1016,461,2,3,2245,613,395.0,True
1017,-1,2,1,3638,2257,159.0,False
1018,-1,2,2,2138,3128,581.0,False
1019,232,1,1,2603,2524,255.0,True
1020,-1,2,3,1115,390,422.0,False
1021,85,2,1,362,1290,450.0,True
1022,432,1,2,440,255,31.0,True
1023,287,1,3,3451,3431,27.0,True
1024,251,1,1,808,4235,420.0,True
1025,-1,2,3,2263,4962,172.0,False
1026,-1,2,3,2933,2609,99.0,False
1027,300,1,1,1472,2422,430.0,True
1028,216,1,3,2009,101,473.0,True
1029,135,1,2,2538,4257,233.0,True
1030,-1,2,1,1858,4668,39.0,False
1031,166,2,3,2008,2225,164.0,True
1032,428,1,1,3125,2187,146.0,True
1033,-1,2,1,2955,2978,104.0,False
1034,-1,2,2,3100,2114,465.0,False
1035,-1,2,3,3188,3594,317.0,False
1036,-1,2,3,3774,765,364.0,False
1038,-1,1,3,3353,3034,164.0,False
1039,352,1,2,2018,3590,95.0,True
1040,-1,1,1,1312,2626,424.0,False
1041,199,1,3,2054,4470,394.0,True
1042,285,2,2,1290,2116,145.0,True
1043,382,1,3,2625,2303,197.0,True
1044,-1,1,1,3021,2046,589.0,False
1045,245,2,2,709,1343,10.0,True
1046,-1,1,2,3183,4730,108.0,False
1047,-1,2,2,2180,2075,413.0,False
1048,112,2,1,1787,4314,541.0,True
1049,-1,2,1,1489,3384,431.0,False
1050,-1,2,1,1044,117,279.0,False
1051,51,1,3,1569,1209,76.0,True
1052,-1,1,2,3250,4508,314.0,False
1053,148,2,3,615,1259,50.0,True
1054,32,2,2,3252,2632,517.0,True
1055,-1,1,1,792,701,466.0,False
1056,432,1,2,2773,4864,554.0,True
1057,-1,1,3,2360,3590,433.0,False
1058,-1,2,3,2307,315,101.0,False
1059,-1,2,1,2572,3288,236.0,False
1060,-1,2,2,3030,4992,73.0,False
1061,323,2,1,2219,3674,459.0,True
1062,-1,1,3,486,3037,274.0,False
1063,78,1,1,1516,1097,284.0,True
1064,216,1,1,2372,933,249.0,True
1065,258,1,1,2059,3869,397.0,True
1066,180,1,1,2886,4994,600.0,True
1067,83,1,1,2672,2203,284.0,True
1068,-1,1,3,803,4374,173.0,False
1069,-1,2,2,3686,1372,400.0,False
1070,-1,1,2,3719,2930,203.0,False
1071,245,2,3,3290,347,560.0,True
1072,37,2,2,3482,4177,598.0,True
1073,-1,1,3,1341,1870,166.0,False
1074,-1,2,3,1241,505,334.0,False
1075,-1,2,2,43,1570,542.0,False
1076,485,2,2,1507,1789,374.0,True
1077,-1,1,2,1543,672,473.0,False
1078,300,1,1,1952,2091,493.0,True
1079,435,1,3,117,4947,79.0,True
1080,19,2,3,514,4357,496.0,True
1081,-1,1,2,2794,2011,313.0,False
1082,54,1,1,1408,4980,161.0,True
1083,-1,2,3,1749,1170,481.0,False
1084,123,1,2,690,3924,575.0,True
1085,305,2,3,3649,1466,499.0,True
1086,442,1,1,360,3017,459.0,True
1087,-1,1,3,1550,276,280.0,False
1088,-1,1,2,2365,3397,416.0,False
1089,-1,2,1,3814,365,66.0,False
1090,-1,1,1,1515,4775,568.0,False
1091,-1,2,2,346,3444,471.0,False
1092,151,2,2,1101,2802,20.0,True
1093,-1,1,3,2859,1045,453.0,False
1094,163,2,2,2048,426,346.0,True
1095,-1,2,2,3627,1879,453.0,False
1096,-1,1,2,2823,2597,267.0,False
1097,107,2,1,2221,3315,534.0,True
1098,-1,1,2,2105,2645,330.0,False
1099,-1,2,3,2280,871,66.0,False
1100,87,2,1,2590,4585,370.0,True
1101,446,1,3,3611,4643,321.0,True
1102,49,2,2,1718,3956,12.0,True
1103,139,2,3,1872,1222,545.0,True
1104,263,1,3,1078,4532,442.0,True
1105,-1,2,2,2510,1530,597.0,False
1106,-1,2,1,2951,2421,256.0,False
1107,-1,2,1,2986,3705,82.0,False
1108,144,2,1,2996,3027,325.0,True
1109,-1,2,1,2812,3336,37.0,False
1110,-1,2,1,661,672,263.0,False
1111,-1,2,2,3347,2670,477.0,False
1112,421,2,3,2745,1282,557.0,True
1113,-1,2,2,1035,3366,36.0,False
1114,-1,1,3,2500,3530,323.0,False
1115,79,1,3,3749,3660,320.0,True
1116,-1,1,3,1407,333,373.0,False
1117,-1,2,1,3335,1794,28.0,False
1118,-1,2,2,2322,572,497.0,False
1119,-1,1,1,3684,2380,425.0,False
1120,121,2,2,1779,480,285.0,True
1121,99,2,2,3129,4320,482.0,True
1122,170,1,3,3644,3747,314.0,True
1123,112,1,3,2257,935,121.0,True
1124,-1,1,3,609,4824,238.0,False
1126,184,1,1,2966,4828,324.0,True
1127,-1,1,1,23,3933,325.0,False
1128,-1,2,3,3111,1395,397.0,False
1129,123,1,3,1105,542,78.0,True
1130,-1,1,1,2413,4215,111.0,False
1131,-1,2,3,3794,1657,111.0,False
1132,303,2,2,1294,2806,359.0,True
1133,-1,2,3,2087,2800,465.0,False
1134,-1,1,1,3086,2441,182.0,False
1135,-1,1,2,3692,1280,559.0,False
1136,-1,1,3,1057,178,53.0,False
1137,-1,2,1,1935,4560,183.0,False
1138,92,2,2,2339,1539,328.0,True
1139,-1,2,3,3761,4205,376.0,False
1140,34,1,3,2772,2424,315.0,True
1141,-1,2,1,3781,3489,211.0,False
1142,-1,2,3,2791,359,593.0,False
1143,-1,1,2,1599,568,390.0,False
1144,-1,2,2,1026,2486,135.0,False
1145,78,2,1,2104,423,585.0,True
1146,-1,2,3,3150,817,286.0,False
1147,-1,1,2,3456,1265,579.0,False
1148,340,2,1,3796,2594,336.0,True
1149,-1,1,2,3411,1067,580.0,False
1150,-1,1,1,3260,3421,596.0,False
1151,-1,1,2,721,3680,299.0,False
1152,-1,1,1,2709,1652,402.0,False
1153,-1,1,3,2520,1207,427.0,False
1155,-1,2,3,311,2783,394.0,False
1157,127,2,1,3336,1624,411.0,True
1158,-1,1,1,2606,3861,576.0,False
1159,-1,1,2,3171,956,277.0,False
1160,-1,1,1,1774,1506,451.0,False
1162,456,1,3,2123,956,171.0,True
1163,442,1,3,757,2464,221.0,True
1164,-1,2,1,291,2000,505.0,False
1165,-1,2,1,2892,3534,64.0,False
1166,-1,1,1,3167,4999,275.0,False
1167,-1,2,1,1386,2904,569.0,False
1168,-1,1,2,2758,2845,205.0,False
1169,-1,2,1,707,4773,129.0,False
1171,-1,2,2,435,3095,137.0,False
1172,-1,2,1,2539,2921,276.0,False
1173,5,1,2,2957,1904,311.0,True
1174,-1,1,1,2789,2691,433.0,False
1175,484,1,1,3675,1029,551.0,True
1176,-1,2,2,2235,521,74.0,False
1177,-1,2,1,765,1944,546.0,False
1178,-1,1,1,3818,4372,208.0,False
1179,-1,1,2,3570,310,265.0,False
1180,499,2,1,3528,4882,90.0,True
1181,472,1,1,1519,4181,538.0,True
1182,-1,1,2,2317,1156,141.0,False
1183,300,1,2,2556,4504,181.0,True
1185,432,1,3,3234,4299,389.0,True
1186,-1,2,1,2311,4745,572.0,False
1187,184,1,3,3090,1503,574.0,True
1188,-1,2,1,975,220,315.0,False
1189,484,2,1,3820,2974,211.0,True
1190,432,1,3,3272,3156,160.0,True
1191,-1,2,3,1197,1100,193.0,False
1192,-1,1,1,2665,2089,569.0,False
1193,-1,2,2,2135,4802,66.0,False
1194,-1,2,3,1156,645,183.0,False
1196,485,2,1,1645,3837,127.0,True
1197,-1,2,1,86,2994,335.0,False
1198,-1,1,1,2580,2492,252.0,False
1199,-1,1,2,2481,3300,77.0,False
1200,-1,2,1,912,357,191.0,False
1201,121,2,1,2443,341,180.0,True
1203,376,2,1,3046,3494,479.0,True
1204,-1,2,3,3652,1120,496.0,False
1205,-1,2,3,1626,4900,480.0,False
1206,-1,1,2,2319,4892,521.0,False
1207,456,2,2,2785,2082,592.0,True
1208,461,1,3,3837,2509,141.0,True
1209,444,1,2,846,2806,546.0,True
1210,183,2,3,3592,902,486.0,True
1211,-1,1,1,2504,4812,54.0,False
1212,-1,1,1,2286,1521,33.0,False
1213,-1,1,1,967,2202,211.0,False
1214,-1,1,3,91,230,173.0,False
1215,329,2,3,3735,1171,218.0,True
1216,360,1,3,3881,2502,112.0,True
1217,171,1,2,840,1948,549.0,True
1218,304,1,2,121,3283,509.0,True
1219,-1,2,1,3147,1409,567.0,False
1220,85,1,3,1703,3950,46.0,True
1221,-1,1,2,2865,118,69.0,False
1222,-1,2,2,3230,1195,122.0,False
1223,-1,2,2,3338,1671,448.0,False
1224,297,1,3,1697,2672,438.0,True
1225,-1,2,2,2082,1832,204.0,False
1226,-1,2,3,3001,1920,138.0,False
1227,166,1,1,2513,2047,543.0,True
1228,184,1,3,3594,3435,416.0,True
1230,-1,2,1,582,557,433.0,False
1231,-1,1,1,3377,2399,402.0,False
1232,349,1,1,2565,3000,568.0,True
1233,11,2,1,1977,2291,305.0,True
1234,-1,1,1,1734,4308,474.0,False
1235,-1,2,2,3520,238,444.0,False
1236,-1,2,1,3235,3426,240.0,False
1237,-1,1,3,3553,1384,334.0,False
1238,-1,2,1,1399,3929,66.0,False
1239,133,1,1,692,3487,447.0,True
1240,-1,2,1,2546,1033,407.0,False
1242,357,2,3,2352,3534,368.0,True
1243,-1,1,3,842,4504,435.0,False
1244,-1,2,3,3785,4854,266.0,False
1246,160,2,3,307,2017,107.0,True
1247,-1,1,1,2102,1471,36.0,False
1248,-1,2,3,11,1001,491.0,False
1249,492,2,3,1019,1332,420.0,True
1251,-1,1,1,3079,4296,411.0,False
1252,-1,1,3,3560,1025,352.0,False
1253,466,2,3,2279,1584,335.0,True
1254,-1,1,3,3632,3097,598.0,False
1255,-1,1,1,1365,1555,543.0,False
1256,-1,1,2,3224,4124,334.0,False
1257,125,2,2,3464,1645,167.0,True
1258,-1,1,3,1766,2072,329.0,False
1259,246,2,1,3499,916,493.0,True
1260,-1,1,3,3537,3881,87.0,False
1261,-1,1,3,3509,4964,597.0,False
1262,-1,2,2,997,4587,87.0,False
1263,-1,1,2,3899,3606,12.0,False
1264,58,2,3,3181,580,400.0,True
1265,-1,1,2,1907,429,69.0,False
1266,-1,1,3,3806,4556,53.0,False
1267,51,2,2,1912,4950,503.0,True
1268,-1,2,3,2796,4061,520.0,False
1269,-1,2,1,2557,2681,479.0,False
1270,-1,1,1,2896,4579,458.0,False
1271,271,1,3,1514,4044,590.0,True
1272,216,2,3,2647,2303,101.0,True
1273,230,1,1,641,2248,493.0,True
1274,-1,2,1,1710,4685,343.0,False
1275,97,1,1,3199,2135,41.0,True
1276,47,1,2,653,237,480.0,True
1277,472,1,1,1592,3122,192.0,True
1278,434,1,2,2979,4116,392.0,True
1279,-1,1,1,574,3856,206.0,False
1280,442,1,3,2385,1629,358.0,True
1281,486,1,2,992,4470,219.0,True
1282,-1,1,3,2341,2157,129.0,False
1284,-1,2,3,3825,2203,87.0,False
1285,396,1,3,2853,4974,481.0,True
1286,-1,1,2,2242,557,151.0,False
1287,-1,1,3,1650,4180,437.0,False
1289,47,2,3,1098,2980,103.0,True
1290,-1,2,2,2432,910,551.0,False
1292,-1,2,2,3359,1388,521.0,False
1293,338,2,1,715,782,251.0,True
1294,-1,2,2,2670,409,439.0,False
1295,-1,2,3,195,3362,350.0,False
1296,-1,2,3,1994,3080,103.0,False
1297,160,1,3,1325,594,190.0,True
1298,-1,2,2,1380,3532,411.0,False
1299,-1,1,3,3426,4254,594.0,False
1300,-1,1,1,3077,2544,9.0,False
1301,-1,1,1,2166,3454,283.0,False
1302,96,1,1,488,3501,30.0,True
1303,-1,1,2,3291,1733,549.0,False
1304,-1,2,2,2727,3610,390.0,False
1305,-1,1,2,1800,1930,380.0,False
1306,-1,2,2,3421,2476,339.0,False
1308,-1,1,1,2685,3759,495.0,False
1309,-1,2,1,2217,663,515.0,False
1310,146,1,1,1061,1736,550.0,True
1311,-1,2,2,3200,4292,49.0,False
1312,8,2,2,1964,1541,331.0,True
1313,429,2,2,1664,3383,337.0,True
1314,385,1,2,2295,2631,89.0,True
1315,-1,1,3,3739,877,379.0,False
1316,-1,1,1,2756,2761,96.0,False
1317,-1,1,3,903,371,452.0,False
1318,-1,2,1,2201,4279,74.0,False
1319,297,2,1,2497,116,435.0,True
1320,-1,1,3,3323,3316,132.0,False
1321,211,1,2,3521,2840,583.0,True
1322,235,1,2,380,4658,247.0,True
1323,-1,1,1,3449,4603,309.0,False
1324,-1,2,2,3745,929,328.0,False
1325,-1,2,2,1004,2164,155.0,False
1326,-1,1,2,1,2832,498.0,False
1327,232,2,2,2726,3887,241.0,True
1328,434,1,1,3249,897,299.0,True
1329,-1,2,2,735,1076,284.0,False
1330,-1,2,3,1185,2476,95.0,False
1331,-1,1,1,3678,452,569.0,False
1332,-1,1,3,3748,3270,18.0,False
1333,-1,2,3,3162,226,127.0,False
1335,-1,1,1,1738,3521,138.0,False
1336,81,2,2,1637,2886,171.0,True
1337,246,2,3,3728,3303,258.0,True
1338,7,2,3,1842,2960,363.0,True
1339,-1,2,1,1758,2547,129.0,False
1340,174,2,1,3385,3044,67.0,True
1341,-1,1,1,2585,1869,394.0,False
1342,-1,1,2,1665,2292,21.0,False
1343,199,1,3,2093,4670,39.0,True
1345,404,1,2,2007,3089,398.0,True
1346,177,2,2,1613,2035,489.0,True
1347,352,2,2,2071,377,72.0,True
1348,-1,1,1,3468,3061,275.0,False
1349,-1,2,3,3319,4143,355.0,False
1350,-1,2,3,3858,3100,174.0,False
1352,302,2,3,1258,3176,584.0,True
1353,-1,2,3,2850,3849,97.0,False
1354,251,1,1,1946,4066,455.0,True
1355,-1,1,1,1581,2054,60.0,False
1357,84,1,3,1687,740,244.0,True
1358,-1,1,1,3408,2222,37.0,False
1359,135,2,2,3008,3985,418.0,True
1360,5,1,1,3757,4403,130.0,True
1361,-1,1,2,3718,3178,280.0,False
1362,-1,2,2,2553,4435,458.0,False
1363,-1,1,1,3305,932,588.0,False
1364,-1,1,3,3387,804,340.0,False
1365,359,1,3,2597,803,229.0,True
1366,-1,1,3,3682,4240,73.0,False
1367,-1,2,1,1750,628,587.0,False
1369,47,2,1,1344,4399,452.0,True
1370,375,1,1,3507,1421,463.0,True
1371,-1,1,2,3750,3111,363.0,False
1372,-1,2,2,3830,4951,125.0,False
1373,171,2,1,1374,2874,532.0,True
1374,270,1,3,3098,4111,345.0,True
1375,375,2,3,3582,1635,451.0,True
1376,-1,2,3,1440,3321,411.0,False
1377,-1,2,3,286,3438,376.0,False
1378,385,1,1,2844,4510,345.0,True
1379,-1,1,2,3277,4273,483.0,False
1380,-1,2,1,3395,896,119.0,False
1381,-1,1,2,3697,1308,342.0,False
1382,-1,1,3,3655,3633,541.0,False
1383,-1,2,1,1284,328,307.0,False
1384,-1,2,3,3541,4829,29.0,False
1385,472,2,1,2431,3837,58.0,True
1386,-1,2,2,1415,168,537.0,False
1387,-1,1,3,2531,2754,592.0,False
1388,349,2,2,3569,3139,593.0,True
1389,496,1,1,1027,1654,181.0,True
1390,-1,2,2,3647,536,206.0,False
1391,-1,1,2,3480,574,141.0,False
1393,416,1,1,2086,4768,82.0,True
1394,-1,1,2,1983,1313,23.0,False
1395,-1,1,1,2143,4135,484.0,False
1396,-1,1,3,3539,604,463.0,False
1397,-1,1,1,1597,3539,203.0,False
1398,-1,2,2,383,920,220.0,False
1399,-1,1,2,3255,1250,288.0,False
1400,85,2,2,1735,1004,125.0,True
1401,434,1,3,3782,703,357.0,True
1402,97,2,3,3258,1307,598.0,True
1403,10,2,2,3566,4081,278.0,True
1404,-1,2,2,364,3998,34.0,False
1405,-1,1,3,2858,2570,226.0,False
1406,-1,1,3,1065,2142,363.0,False
1407,247,1,2,1862,4437,42.0,True
1409,486,2,2,2834,1461,43.0,True
1410,367,1,3,3747,2665,487.0,True
1411,-1,2,2,1093,3014,433.0,False
1412,-1,2,2,752,654,491.0,False
1413,-1,2,3,3720,3371,163.0,False
1414,-1,2,2,2330,2532,404.0,False
1415,-1,2,1,3712,3840,594.0,False
1416,124,2,2,3540,1912,115.0,True
1417,-1,2,2,3155,1240,366.0,False
1418,-1,2,1,2909,3046,500.0,False
1419,237,2,1,1492,1803,218.0,True
1420,50,1,1,3276,522,395.0,True
1421,-1,1,2,816,430,253.0,False
1422,-1,2,1,2241,4370,340.0,False
1423,-1,2,2,2325,1478,459.0,False
1424,-1,2,3,3301,3997,526.0,False
1425,-1,1,1,3662,3573,229.0,False
1426,87,1,3,2714,4293,505.0,True
1427,-1,1,1,2466,950,495.0,False
1428,-1,1,2,3784,1299,267.0,False
1430,92,2,1,2516,4842,351.0,True
1431,83,2,3,3229,865,371.0,True
1432,-1,2,2,3641,1355,232.0,False
1433,-1,2,3,3563,3266,263.0,False
1434,-1,1,1,3075,1498,302.0,False
1435,-1,2,3,2617,4794,312.0,False
1436,-1,2,3,1671,2688,508.0,False
1437,-1,2,1,3152,1911,84.0,False
1438,-1,1,3,2699,1463,250.0,False
1439,18,2,3,2889,2551,163.0,True
1442,-1,2,3,1615,708,364.0,False
1443,-1,2,3,2981,259,415.0,False
1444,-1,2,3,3317,2434,282.0,False
1445,-1,1,1,2156,548,279.0,False
1446,-1,2,1,2185,3717,398.0,False
1447,199,2,1,2239,4436,272.0,True
1448,-1,2,2,2573,2463,400.0,False
1449,107,1,3,2809,4875,115.0,True
1450,-1,2,2,2441,988,543.0,False
1451,442,2,2,2664,2943,222.0,True
1452,365,2,1,1975,4181,515.0,True
1453,133,1,2,1151,2389,583.0,True
1455,-1,1,1,2055,2916,551.0,False
1456,8,1,3,2974,1392,381.0,True
1457,456,1,3,3318,3004,387.0,True
1458,-1,1,1,3654,4940,436.0,False
1459,-1,1,3,2716,1187,307.0,False
1460,158,2,2,1509,3844,67.0,True
1461,-1,2,3,518,1896,510.0,False
1462,-1,1,1,2615,1183,557.0,False
1463,-1,2,2,3492,4654,307.0,False
1464,146,1,2,3027,2472,263.0,True
1465,-1,2,1,3484,2720,181.0,False
1466,-1,1,2,3886,637,75.0,False
1467,32,1,2,3367,3373,41.0,True
1468,-1,2,3,3309,3174,182.0,False
1469,-1,2,2,2763,3803,520.0,False
1470,288,2,3,1129,3526,77.0,True
1471,-1,1,2,3218,3753,539.0,False
1472,363,2,2,725,3145,538.0,True
1473,-1,2,3,3658,3545,165.0,False
1474,131,2,1,3744,988,189.0,True
1477,70,1,1,218,1169,217.0,True
1478,-1,2,2,3772,1091,291.0,False
1479,-1,1,3,2753,2718,75.0,False
1480,-1,2,2,3867,2760,144.0,False
1481,423,1,3,2379,543,43.0,True
1482,-1,2,3,3545,788,329.0,False
1483,305,2,1,3801,2998,424.0,True
1484,-1,2,2,2676,1297,587.0,False
1485,153,1,1,2140,1142,234.0,True
1486,-1,1,2,2689,1949,113.0,False
1487,-1,1,2,805,4949,507.0,False
1488,255,2,3,1814,3855,356.0,True
1489,-1,1,2,2165,502,277.0,False
1490,-1,1,2,871,1602,131.0,False
1491,359,1,1,3064,4334,430.0,True
1492,-1,1,1,2412,800,489.0,False
1493,-1,2,2,2216,1389,553.0,False
1494,129,1,1,2454,4331,224.0,True
1495,-1,2,2,2880,4160,11.0,False
1496,-1,1,1,3515,4003,527.0,False
1497,-1,1,3,2559,2025,407.0,False
1498,-1,1,1,2057,2466,498.0,False
1499,138,2,1,1250,4153,550.0,True
1500,-1,1,3,3587,3047,174.0,False
1502,-1,2,2,932,2142,63.0,False
1503,395,2,2,1627,4028,295.0,True
1505,-1,2,2,3591,2049,256.0,False
1506,-1,2,3,674,2632,323.0,False
1507,469,1,1,1680,3748,536.0,True
1508,-1,1,2,3689,584,188.0,False
1509,323,1,3,2620,4655,475.0,True
1510,-1,1,3,3082,1995,553.0,False
1511,-1,1,3,2995,2771,278.0,False
1512,127,1,3,3429,4218,79.0,True
1513,128,2,2,3361,386,297.0,True
1514,416,2,1,2111,1746,159.0,True
1516,-1,2,3,1724,4972,22.0,False
1517,338,1,2,977,4390,71.0,True
1518,435,2,3,143,1889,473.0,True
1519,-1,2,2,3109,306,326.0,False
1520,323,1,3,3352,4905,168.0,True
1521,138,2,3,2734,3744,95.0,True
1522,-1,1,2,2920,2594,482.0,False
1523,51,2,3,2238,747,536.0,True
1524,50,1,3,3362,4890,84.0,True
1525,-1,1,3,3665,461,429.0,False
1526,-1,2,1,1527,2232,326.0,False
1528,283,1,3,1485,182,201.0,True
1529,-1,1,3,1938,3397,572.0,False
1530,83,2,3,3345,1740,419.0,True
1531,363,2,2,1404,2034,596.0,True
1532,-1,1,2,3232,4776,133.0,False
1533,-1,2,2,2982,3433,465.0,False
1534,-1,1,1,2250,4165,425.0,False
1535,-1,2,2,744,2546,384.0,False
1537,412,1,1,2209,2516,184.0,True
1538,-1,2,3,1103,1853,461.0,False
1539,-1,1,2,2897,3315,480.0,False
1540,73,2,1,2222,566,81.0,True
1541,-1,2,3,3737,1943,69.0,False
1543,359,1,3,3465,4395,26.0,True
1544,-1,2,3,2359,199,210.0,False
1545,183,1,1,3691,1901,158.0,True
1546,-1,1,1,3035,4619,191.0,False
1547,-1,1,2,3015,1807,207.0,False
1548,-1,1,2,651,3988,87.0,False
1549,-1,1,1,1706,1631,124.0,False
1551,378,1,3,1721,2197,451.0,True
1553,263,1,3,1214,1506,542.0,True
1554,437,1,1,2776,442,509.0,True
1555,-1,2,1,1505,1767,79.0,False
1556,432,2,3,3303,3563,600.0,True
1557,429,2,3,2388,4589,28.0,True
1558,34,1,1,3211,123,451.0,True
1559,455,2,3,1967,603,401.0,True
1560,-1,2,3,2011,1047,269.0,False
1561,267,2,3,2125,1118,118.0,True
1562,-1,1,1,2999,1955,47.0,False
1563,421,1,2,2958,4540,251.0,True
1564,479,2,1,1080,549,25.0,True
1565,-1,1,3,2691,3801,245.0,False
1568,-1,2,1,2780,497,129.0,False
1569,-1,2,1,1390,4880,166.0,False
1570,382,2,1,3349,630,294.0,True
1571,-1,1,3,3324,4907,295.0,False
1572,-1,2,3,1146,4524,524.0,False
1573,-1,2,2,3369,4813,459.0,False
1574,-1,1,1,2978,2177,47.0,False
1575,-1,2,2,663,302,403.0,False
1577,-1,1,3,942,1524,478.0,False
1578,329,1,3,3804,698,45.0,True
1579,-1,2,1,1429,2693,22.0,False
1580,-1,1,2,1755,1479,340.0,False
1581,30,2,3,185,4430,179.0,True
1582,129,1,2,3216,324,11.0,True
1583,128,2,1,3738,4227,105.0,True
1584,-1,1,3,1508,2906,264.0,False
1585,166,1,1,2554,665,56.0,True
1586,352,1,2,3081,4762,552.0,True
1588,-1,2,3,1789,1236,488.0,False
1589,-1,2,2,2189,2213,480.0,False
1590,-1,1,3,736,3729,439.0,False
1592,-1,2,1,3845,1608,5.0,False
1593,-1,1,2,304,2459,555.0,False
1594,152,2,1,1204,1414,467.0,True
1595,-1,2,2,2842,2528,539.0,False
1596,445,1,2,3573,871,229.0,True
1598,230,1,3,647,4858,199.0,True
1599,-1,1,1,3792,221,275.0,False
1600,135,2,1,3191,1439,407.0,True
1601,259,1,1,3127,2211,545.0,True
1602,474,1,2,2586,843,490.0,True
1603,-1,1,3,2378,184,520.0,False
1604,-1,2,3,3067,4705,376.0,False
1605,58,1,1,3690,1118,164.0,True
1606,-1,1,2,3674,233,265.0,False
1607,-1,2,2,1329,3066,159.0,False
1608,466,1,3,3589,1256,205.0,True
1609,5,2,1,3848,2168,177.0,True
1610,271,2,1,1989,576,541.0,True
1611,200,2,3,3227,1474,141.0,True
1612,-1,1,1,1853,4618,343.0,False
1613,267,1,2,2953,1844,78.0,True
1614,363,1,3,2619,3836,261.0,True
1615,-1,2,2,1357,1201,128.0,False
1616,-1,1,1,3047,576,572.0,False
1617,-1,2,1,3765,2884,182.0,False
1618,-1,1,2,3758,3064,346.0,False
1619,-1,1,3,2310,3175,300.0,False
1620,-1,2,3,3855,2793,48.0,False
1621,-1,1,2,2703,2881,117.0,False
1622,-1,2,3,3844,1100,57.0,False
1623,251,1,3,2274,4099,105.0,True
1625,-1,1,2,3178,4459,208.0,False
1626,349,1,1,3823,1163,243.0,True
1627,-1,2,2,3300,2609,490.0,False
1628,-1,2,3,902,4584,388.0,False
1629,32,2,2,3430,4009,350.0,True
1630,174,1,1,3551,950,488.0,True
1631,-1,2,2,3099,2095,456.0,False
1632,139,2,3,2030,561,373.0,True
1634,26,2,2,704,4118,367.0,True
1635,344,2,3,2732,1452,348.0,True
1636,-1,1,1,2393,4366,507.0,False
1637,96,2,3,629,2442,415.0,True
1638,-1,1,3,1960,3878,327.0,False
1639,245,2,1,3501,784,516.0,True
1640,213,2,1,3441,964,232.0,True
1641,378,2,1,2438,3287,424.0,True
1642,-1,1,1,3663,3648,44.0,False
1643,-1,1,3,3798,3885,17.0,False
1644,338,2,1,1479,2462,438.0,True
1645,148,1,2,910,3237,374.0,True
1646,-1,1,1,1375,1486,571.0,False
1647,-1,2,3,3193,3666,51.0,False
1648,-1,1,2,2838,1374,60.0,False
1649,300,1,1,2634,432,285.0,True
1650,-1,1,1,2469,1720,88.0,False
1652,-1,1,1,1435,1018,212.0,False
1653,-1,2,2,3050,2621,315.0,False
1654,200,1,2,3242,1169,435.0,True
1655,232,2,1,3313,3844,417.0,True
1656,34,2,1,3263,3991,152.0,True
1657,287,1,2,3588,503,511.0,True
1659,-1,1,2,597,4144,150.0,False
1660,259,1,3,3722,4010,339.0,True
1661,230,1,2,969,3449,186.0,True
1662,-1,2,3,1373,314,461.0,False
1663,-1,2,3,3685,4611,140.0,False
1664,-1,2,2,921,4324,29.0,False
1666,-1,1,2,2275,3456,515.0,False
1668,185,2,2,1902,4128,405.0,True
1669,-1,1,2,2904,4219,157.0,False
1670,157,1,3,484,2950,319.0,True
1671,-1,1,3,3197,657,58.0,False
1673,-1,1,1,3604,4650,353.0,False
1674,133,2,2,2499,4229,143.0,True
1675,446,1,3,3725,3058,392.0,True
1677,-1,2,3,3487,3217,439.0,False
1678,148,2,2,2752,2968,211.0,True
1679,7,2,2,1883,1475,15.0,True
1681,-1,2,1,3714,3749,431.0,False
1682,146,1,3,3119,1200,83.0,True
1683,315,2,2,2473,4180,417.0,True
1685,-1,2,1,1825,826,189.0,False
1686,185,1,3,2491,1686,397.0,True
1687,-1,2,2,2971,4267,362.0,False
1688,-1,2,2,3435,431,409.0,False
1689,-1,1,3,3312,157,183.0,False
1691,-1,2,3,3887,2000,80.0,False
1692,146,1,1,3289,116,531.0,True
1693,96,2,1,1139,2096,537.0,True
1694,47,1,1,2231,4642,527.0,True
1695,472,1,1,3194,1308,179.0,True
1696,-1,2,3,3176,4462,173.0,False
1697,-1,2,2,2013,1615,570.0,False
1698,-1,1,3,2176,3307,192.0,False
1699,-1,2,1,2243,4673,58.0,False
1700,-1,2,3,3534,1182,561.0,False
1701,-1,1,1,617,4870,174.0,False
1703,-1,1,1,2340,2185,114.0,False
1704,429,2,3,3522,1283,287.0,True
1706,-1,2,3,3847,4056,41.0,False
1707,-1,2,2,3029,1657,569.0,False
1708,-1,1,1,2464,4130,295.0,False
1709,-1,1,1,3516,261,325.0,False
1710,-1,1,2,2369,701,230.0,False
1711,-1,1,2,3374,4722,510.0,False
1712,-1,1,2,3623,561,525.0,False
1713,-1,2,2,2659,2917,95.0,False
1714,-1,2,1,247,2157,535.0,False
1715,-1,1,2,2872,3821,378.0,False
1717,-1,1,2,391,4841,207.0,False
1718,-1,1,3,3870,908,109.0,False
1719,96,1,3,1318,1261,492.0,True
1721,174,2,3,3716,2171,485.0,True
1722,-1,2,3,1753,533,34.0,False
1723,-1,2,1,2347,3231,52.0,False
1724,-1,1,3,2024,3626,552.0,False
1725,-1,1,3,799,2782,544.0,False
1726,-1,1,3,3148,283,452.0,False
1727,6,1,2,3316,1475,147.0,True
1728,-1,2,1,1813,4434,152.0,False
1729,135,1,2,3808,3033,362.0,True
1730,-1,1,2,2129,3132,537.0,False
1731,170,1,3,3815,4785,250.0,True
1734,353,1,3,485,1136,144.0,True
1735,325,1,1,1453,4226,42.0,True
1737,-1,2,1,3213,2474,45.0,False
1738,139,1,1,2425,2474,256.0,True
1739,423,2,2,2695,2691,507.0,True
1740,382,1,1,3609,4173,600.0,True
1741,-1,2,1,3777,1091,68.0,False
1743,-1,2,2,3574,3961,19.0,False
1744,298,2,3,3485,4190,530.0,True
1745,127,1,2,3779,514,227.0,True
1746,-1,2,3,3074,1407,560.0,False
1747,130,1,1,2816,430,409.0,True
1748,-1,1,3,1364,771,393.0,False
1749,352,2,2,3444,1605,141.0,True
1750,-1,2,1,3809,3361,320.0,False
1751,-1,2,2,1025,1585,448.0,False
1752,171,1,3,2479,2227,410.0,True
1753,235,2,2,423,2633,523.0,True
1754,-1,2,3,2700,2039,239.0,False
1756,409,1,1,1644,4027,576.0,True
1757,-1,1,2,3443,1350,234.0,False
1758,486,1,2,2959,2375,526.0,True
1759,54,1,3,2526,355,87.0,True
1760,151,1,2,2494,2699,69.0,True
1761,300,1,2,2687,3956,186.0,True
1762,-1,1,3,3646,418,521.0,False
1764,-1,1,2,2463,1343,118.0,False
1765,-1,2,1,332,4248,18.0,False
1766,338,2,2,1728,362,479.0,True
1767,-1,1,2,1350,3555,540.0,False
1769,-1,2,2,2946,3897,146.0,False
1773,-1,2,2,2422,2861,315.0,False
1774,270,1,2,3299,578,501.0,True
1775,298,2,2,3615,1273,90.0,True
1776,152,2,1,2552,492,184.0,True
1779,-1,2,2,863,3634,64.0,False
1780,95,1,1,2847,1791,561.0,True
1782,51,1,3,2264,1781,7.0,True
1783,-1,2,1,1698,2179,251.0,False
1784,-1,1,3,2537,3795,222.0,False
1785,298,1,2,3664,653,199.0,True
1786,6,2,3,3502,4378,228.0,True
1787,-1,2,2,2669,1225,177.0,False
1788,-1,1,3,3135,3637,516.0,False
1790,-1,2,3,2450,2177,569.0,False
1791,-1,1,3,3403,4377,571.0,False
1793,-1,2,1,3813,4017,327.0,False
1794,-1,1,1,3677,531,154.0,False
1796,152,1,3,2829,2845,151.0,True
1797,24,1,3,3321,1700,405.0,True
1799,50,2,1,3446,557,78.0,True
1800,-1,2,2,1431,3827,366.0,False
1801,435,1,3,507,1413,479.0,True
1802,-1,1,2,3366,2183,448.0,False
1803,-1,1,2,3868,4659,21.0,False
1804,-1,1,2,2386,1559,246.0,False
1805,184,1,2,3822,1649,276.0,True
1806,6,1,2,3742,2990,520.0,True
1808,277,2,2,642,186,432.0,True
1811,-1,2,2,3795,2958,139.0,False
1813,124,2,3,3640,2273,361.0,True
1814,-1,2,3,2202,491,562.0,False
1817,-1,2,1,2614,3923,333.0,False
1818,10,1,1,3597,2162,152.0,True
1819,455,2,1,2551,1703,444.0,True
1820,404,2,3,2075,1234,87.0,True
1821,-1,2,1,2759,4494,457.0,False
1822,429,2,1,3622,4113,110.0,True
1824,-1,1,1,2774,1289,162.0,False
1825,-1,1,1,3123,2617,276.0,False
1827,-1,1,2,1999,1832,142.0,False
1828,-1,2,2,2820,3101,497.0,False
1829,255,1,1,2023,131,160.0,True
1830,-1,1,1,1816,4481,107.0,False
1831,-1,2,2,1544,4221,51.0,False
1832,-1,2,2,2161,4426,516.0,False
1833,-1,2,2,3017,1537,304.0,False
1834,-1,1,1,3389,3288,440.0,False
1835,-1,1,1,2153,4949,547.0,False
1836,221,2,1,2079,902,503.0,True
1837,-1,2,2,3633,1596,465.0,False
1838,-1,2,2,2309,1149,145.0,False
1840,-1,1,1,2344,1234,173.0,False
1842,-1,2,2,3629,4768,239.0,False
1843,434,1,1,3917,3469,6.0,True
1844,-1,1,1,789,4968,281.0,False
1845,285,2,2,1484,1761,381.0,True
1846,-1,2,3,798,4191,577.0,False
1847,-1,2,1,3807,3785,7.0,False
1848,264,2,2,2109,2350,244.0,True
1849,-1,1,3,3909,1180,18.0,False
1850,-1,2,2,3702,2057,12.0,False
1851,-1,1,1,3743,3570,460.0,False
1852,485,2,3,1885,4941,565.0,True
1853,-1,1,2,3455,3271,343.0,False
1854,-1,2,2,3371,2086,238.0,False
1855,442,2,1,2704,3609,17.0,True
1856,277,1,2,2738,4246,253.0,True
1858,-1,2,2,2314,2473,305.0,False
1859,-1,2,3,3416,3465,589.0,False
1860,232,2,3,3508,2371,98.0,True
1861,163,1,1,2149,2479,105.0,True
1862,157,2,2,1248,2207,132.0,True
1863,-1,2,1,2633,2951,23.0,False
1864,-1,2,3,2316,3647,29.0,False
1865,464,2,2,3013,702,253.0,True
1866,-1,1,1,1677,2422,574.0,False
1867,466,2,2,3831,4428,171.0,True
1868,445,2,2,3709,3354,583.0,True
1869,352,2,2,3895,294,62.0,True
1870,-1,1,3,3513,2935,47.0,False
1871,-1,2,3,897,3571,377.0,False
1872,18,1,3,2922,2694,512.0,True
1873,395,2,3,2047,2585,82.0,True
1874,437,2,3,3243,542,308.0,True
1875,346,1,1,1903,3380,471.0,True
1876,-1,1,3,2040,4353,599.0,False
1877,277,2,1,3060,4152,164.0,True
1878,423,2,3,2819,1657,393.0,True
1879,-1,1,3,3575,534,343.0,False
1881,-1,1,2,1888,3409,355.0,False
1882,32,1,1,3463,4946,258.0,True
1883,-1,1,2,2468,4342,187.0,False
1885,444,2,2,859,1891,523.0,True
1886,213,2,2,3767,1494,423.0,True
1887,-1,1,3,1628,3386,516.0,False
1888,338,1,2,1784,2307,139.0,True
1889,151,2,2,3383,212,146.0,True
1890,-1,1,2,3625,4904,502.0,False
1891,-1,1,3,2942,4236,135.0,False
1893,-1,2,2,1591,1599,263.0,False
1895,409,1,1,2638,2663,414.0,True
1897,496,1,1,1085,2469,555.0,True
1898,-1,1,1,3565,3824,544.0,False
1899,-1,1,2,2893,2629,493.0,False
1900,-1,2,1,2961,2237,29.0,False
1902,-1,1,3,3244,4853,480.0,False
1903,-1,2,2,3723,904,521.0,False
1904,-1,1,3,2654,863,349.0,False
1905,-1,1,1,470,2206,407.0,False
1906,-1,1,2,2090,2486,180.0,False
1907,-1,1,2,3599,1986,452.0,False
1908,363,2,3,3699,417,591.0,True
1909,-1,2,1,3769,1851,22.0,False
1910,-1,2,1,1323,2251,28.0,False
1911,-1,1,1,1037,1337,459.0,False
1912,-1,1,3,3481,1885,449.0,False
1913,-1,2,3,3247,2388,465.0,False
1914,-1,2,1,3239,1090,145.0,False
1916,-1,2,1,2708,1119,200.0,False
1917,-1,1,3,3496,4126,557.0,False
1920,-1,1,2,2509,4108,396.0,False
1921,209,2,2,2977,1200,197.0,True
1922,10,1,2,3812,1990,344.0,True
1926,486,1,3,3049,2786,257.0,True
1927,391,2,2,3041,1649,5.0,True
1928,486,1,2,3363,2884,322.0,True
1929,-1,1,1,3420,456,208.0,False
1930,123,2,2,2124,3307,87.0,True
1931,-1,2,2,3262,3025,567.0,False
1932,166,1,2,3375,2574,184.0,True
1933,-1,2,2,3143,1804,481.0,False
1934,-1,2,2,2653,1597,305.0,False
1935,-1,1,3,3773,3023,49.0,False
1936,-1,2,1,961,411,274.0,False
1937,-1,1,2,3045,3335,145.0,False
1938,95,1,1,3101,1363,133.0,True
1940,-1,2,2,1916,1255,536.0,False
1941,133,1,2,2968,3349,525.0,True
1942,-1,2,1,2618,3210,328.0,False
1943,-1,2,1,1709,1118,336.0,False
1944,-1,1,3,1712,881,95.0,False
1946,-1,2,3,1327,2377,405.0,False
1947,-1,1,2,2269,3222,86.0,False
1949,-1,1,2,2808,2669,42.0,False
1950,-1,2,2,3137,3098,296.0,False
1952,177,2,2,2781,1609,561.0,True
1954,-1,1,1,2435,2882,367.0,False
1955,-1,1,2,2446,556,454.0,False
1956,-1,2,3,772,2855,540.0,False
1957,-1,2,3,2406,3455,484.0,False
1959,323,1,1,3783,2603,317.0,True
1960,-1,1,3,3601,506,314.0,False
1961,78,1,3,2940,4000,269.0,True
1962,-1,1,3,2543,436,56.0,False
1963,221,1,3,2384,2650,103.0,True
1965,-1,1,2,3445,1383,368.0,False
1966,-1,1,2,3192,3909,267.0,False
1967,-1,1,3,3617,2219,153.0,False
1968,435,2,1,2574,2924,289.0,True
1969,-1,2,3,612,4978,19.0,False
1970,-1,1,3,2926,2910,424.0,False
1973,428,2,3,3163,4614,407.0,True
1974,-1,2,2,2883,2120,567.0,False
1975,11,1,3,2662,2658,587.0,True
1976,-1,1,1,3061,4782,429.0,False
1979,444,2,1,1668,2593,323.0,True
1981,-1,2,1,3378,3292,188.0,False
1982,396,2,1,3036,331,23.0,True
1983,-1,2,1,3751,3662,388.0,False
1984,391,2,1,3112,3350,585.0,True
1985,233,1,3,309,2548,111.0,True
1986,-1,1,1,3056,3792,435.0,False
1987,151,2,2,3556,365,479.0,True
1988,-1,2,1,3440,723,574.0,False
1989,-1,2,2,3626,4005,29.0,False
1994,412,1,1,2267,2267,342.0,True
1995,-1,1,3,2993,1748,455.0,False
1997,404,2,2,2200,3987,82.0,True
1999,429,2,1,3791,835,374.0,True
